{
  "_fetched_at": "2026-05-11T10:14:25.484776+00:00",
  "_note": "Embodied carbon is region-independent. Values are per instance type and converted to gCO2e/month at runtime.",
  "_source": "Boavizta API /v1/cloud/instance impacts.gwp.embedded.value (kgCO2e/hour, amortised)",
  "c5.18xlarge": 0.013,
  "c5.2xlarge": 0.0015,
  "c5.4xlarge": 0.003,
  "c5.9xlarge": 0.0067,
  "c5.large": 0.00037,
  "c5.xlarge": 0.00075,
  "c6i.2xlarge": 0.0011,
  "c6i.4xlarge": 0.0021,
  "c6i.large": 0.00027,
  "c6i.xlarge": 0.00054,
  "db.m5.12xlarge": 0.011,
  "db.m5.16xlarge": 0.015,
  "db.m5.24xlarge": 0.022,
  "db.m5.2xlarge": 0.0018,
  "db.m5.4xlarge": 0.0037,
  "db.m5.8xlarge": 0.0074,
  "db.m5.large": 0.00046,
  "db.m5.xlarge": 0.0009,
  "db.m6g.12xlarge": 0.013,
  "db.m6g.16xlarge": 0.017,
  "db.m6g.2xlarge": 0.0021,
  "db.m6g.4xlarge": 0.0042,
  "db.m6g.8xlarge": 0.0084,
  "db.m6g.large": 0.00052,
  "db.m6g.xlarge": 0.001,
  "db.r5.12xlarge": 0.018,
  "db.r5.16xlarge": 0.024,
  "db.r5.24xlarge": 0.036,
  "db.r5.2xlarge": 0.003,
  "db.r5.4xlarge": 0.006,
  "db.r5.8xlarge": 0.012,
  "db.r5.large": 0.00075,
  "db.r5.xlarge": 0.0015,
  "db.r6g.12xlarge": 0.02,
  "db.r6g.16xlarge": 0.026,
  "db.r6g.2xlarge": 0.0033,
  "db.r6g.4xlarge": 0.0065,
  "db.r6g.large": 0.00082,
  "db.r6g.xlarge": 0.0016,
  "db.t3.2xlarge": 0.0018,
  "db.t3.large": 0.00046,
  "db.t3.medium": 0.00031,
  "db.t3.micro": 0.0002,
  "db.t3.small": 0.00024,
  "db.t3.xlarge": 0.00091,
  "m5.12xlarge": 0.011,
  "m5.16xlarge": 0.015,
  "m5.24xlarge": 0.022,
  "m5.2xlarge": 0.0018,
  "m5.4xlarge": 0.0037,
  "m5.8xlarge": 0.0074,
  "m5.large": 0.00046,
  "m5.xlarge": 0.00091,
  "m6i.2xlarge": 0.0017,
  "m6i.4xlarge": 0.0033,
  "m6i.8xlarge": 0.0066,
  "m6i.large": 0.00041,
  "m6i.xlarge": 0.00083,
  "r5.2xlarge": 0.003,
  "r5.4xlarge": 0.006,
  "r5.8xlarge": 0.012,
  "r5.large": 0.00075,
  "r5.xlarge": 0.0015,
  "r6a.12xlarge": 0.016,
  "r6a.16xlarge": 0.022,
  "r6a.24xlarge": 0.032,
  "r6a.2xlarge": 0.0027,
  "r6a.48xlarge": 0.065,
  "r6a.4xlarge": 0.0054,
  "r6a.8xlarge": 0.011,
  "r6a.large": 0.00067,
  "r6a.xlarge": 0.0013,
  "r6i.2xlarge": 0.0028,
  "r6i.4xlarge": 0.0057,
  "r6i.large": 0.00071,
  "r6i.xlarge": 0.0014,
  "t2.2xlarge": 0.0023,
  "t2.large": 0.00058,
  "t2.medium": 0.0004,
  "t2.micro": 0.00015,
  "t2.nano": 0.00015,
  "t2.small": 0.0002,
  "t2.xlarge": 0.0012,
  "t3.2xlarge": 0.0018,
  "t3.large": 0.00046,
  "t3.medium": 0.00031,
  "t3.micro": 0.0002,
  "t3.nano": 0.0002,
  "t3.small": 0.00024,
  "t3.xlarge": 0.00091
}
